Programa,Área,Linha de Pesquisa,ACARE 1,ACARE 2,ACARE 3,NASA 1,NASA 2,NASA 3,Aprovado?,Comentário
Engenharia Elétrica – PPGEEL,Processamento de Energia,Eletromagnetismo e Dispositivos Eletromagnéticos,18.1.Constitutive laws (metallic and composite materials) (0.267),14.19.Conformal antennas (0.244),12.7.Metallic sulphides and fluorides (0.223),2.3.Electromagnetic (0.292),7.4.Electromagnetic Environment Effects (0.282),"52.2.Electro-Mechanical, Mechanical, and Micromechanisms (0.247)",,
Engenharia Elétrica – PPGEEL,Processamento de Energia,Eletrônica de Potência e Acionamento Elétrico,"115.2.Elaboration of basic trends (societal, cultural) (0.344)","21.2.Techniques in relation with actuators and sensors such as piezoelectric or piezoceramic materials, electrostrictive ceramics... and their mechanical modellisation. (0.308)",92.2.Development of OR methods (0.287),1.1.Integrated Systems and Ancillary Technologies (0.256),3.1.Integrated Systems and Ancillary Technologies (0.237),2.1.Integrated Systems and Ancillary Technologies (0.236),,
Engenharia Elétrica – PPGEEL,Processamento de Energia,Sistemas de Energia Elétrica,"115.2.Elaboration of basic trends (societal, cultural) (0.293)","63.4.Control systems - maintenance panels, cockpit display panels, visualisation of system status, audible alerts, design (zonal configuration, redundancy, reliability, systems research, analysis of operational incidents), BITE (0.249)","109.4.Development of methods, tools and processes to support the integration of people with complex systems (0.247)",26.7.System Transformative Health and Performance Concepts (0.235),48.1.Tools and Methodologies for Defining Mission Architectures or Mission Design (0.229),49.2.Automated Exascale Software Development Toolset (0.226),,
Engenharia Elétrica – PPGEEL,Processamento de Informação,Comunicações e Processamento de Sinais,"109.4.Development of methods, tools and processes to support the integration of people with complex systems (0.329)",13.4.Elaboration processes. (0.306),101.2.Hierarchical methodologies (0.275),48.1.Tools and Methodologies for Defining Mission Architectures or Mission Design (0.277),44.5.Architecture and Design of Software Systems (0.269),41.2.Activity and Resource Planning and Scheduling (0.260),,
Engenharia Elétrica – PPGEEL,Processamento de Informação,Engenharia Biomédica,104.7.Methods and Tools for Life Extension (0.265),"100.1.Reference Data (bibliographies, abstracts service, statistical information) (0.212)",110.1.Knowledge engineering (0.211),"26.5.Food Production, Processing and Preservation (0.252)",26.1.Medical Diagnosis and Prognosis (0.170),26.6.Long Duration Health (0.166),,
Engenharia Elétrica – PPGEEL,Processamento de Informação,"Materiais, Dispositivos, Circuitos e Sistemas Eletrônicos","21.2.Techniques in relation with actuators and sensors such as piezoelectric or piezoceramic materials, electrostrictive ceramics... and their mechanical modellisation. (0.468)","56.1.System components. generators, alternators, converters, inverters, batteries, circuit protection (circuit breakers, current limiters, automatic bus transfer), wiring, connectors, control systems, measuring instruments, warning indicators (0.343)",21.10.New concepts of passive or adaptive materials (0.342),1.1.Integrated Systems and Ancillary Technologies (0.399),3.1.Integrated Systems and Ancillary Technologies (0.399),2.1.Integrated Systems and Ancillary Technologies (0.389),,
Engenharia Elétrica – PPGEEL,Processamento de Informação,Sistemas Embarcados,"115.2.Elaboration of basic trends (societal, cultural) (0.238)",2.4.Buffeting (0.225),108.5.Subscale (0.215),"26.5.Food Production, Processing and Preservation (0.229)",26.2.Prevention and Countermeasures (0.212),44.5.Architecture and Design of Software Systems (0.205),,
Engenharia de Automação e Sistemas - PosAutomação,Controle,"Modelagem, Simulação e Identificação de Sistemas",101.4.system validation through modelling and simulation (0.544),96.1.Development of business modelling methods and tools (0.518),7.1.Model design/manufacturing (0.464),46.3.Model-Based Systems Engineering (MBSE) (0.500),40.3.Knowledge and Model Building (0.487),45.3.Human-System Performance Modeling (0.464),,
Engenharia de Automação e Sistemas - PosAutomação,Controle,"Controle de Sistemas Dinâmicos Contínuos, a Eventos Discretos e Híbridos","36.9.Complex applications, system analysis, control (0.396)","61.3.Management system - level indicators, actuators, control system (0.378)",21.3.Automatics and real time systems for the study and for the realisation of controllers (0.365),60.8.Measurement and Control (0.357),1.1.Integrated Systems and Ancillary Technologies (0.343),2.1.Integrated Systems and Ancillary Technologies (0.331),,
Engenharia de Automação e Sistemas - PosAutomação,Controle,Medição e Instrumentação para Controle e Automação,21.3.Automatics and real time systems for the study and for the realisation of controllers (0.373),56.5.Elecromechanical actuation (EMA) - Flight control systems (0.355),"21.2.Techniques in relation with actuators and sensors such as piezoelectric or piezoceramic materials, electrostrictive ceramics... and their mechanical modellisation. (0.353)",60.8.Measurement and Control (0.354),26.7.System Transformative Health and Performance Concepts (0.349),10.1.Management and Control (0.284),,
Engenharia de Automação e Sistemas - PosAutomação,Automação e Sistemas Mecatrônicos,Robôs Manipuladores,14.2.Robotics (0.403),107.9.Robotics (0.358),90.1.Autonomous behaviour: (0.329),16.3.Robot Software (0.456),13.1.Dexterous Manipulation (0.357),"58.4.Autonomous, Real-Time Command and Control (0.308)",,
Engenharia de Automação e Sistemas - PosAutomação,Automação e Sistemas Mecatrônicos,Robótica Móvel,14.2.Robotics (0.595),107.9.Robotics (0.507),108.3.Aerial Robotics (0.464),16.3.Robot Software (0.554),16.2.Modeling and Simulation for Robots (0.465),41.3.Motion Planning (0.452),,
Engenharia de Automação e Sistemas - PosAutomação,Automação e Sistemas Mecatrônicos,Sistemas de Visão Computacional,72.1.Integration system technologies (0.407),71.3.Workflow management systems (0.382),101.5.integration and validation of technologies (0.376),44.2.Verification and Validation of Software Systems (0.371),44.5.Architecture and Design of Software Systems (0.361),1.1.Integrated Systems and Ancillary Technologies (0.350),,
Engenharia de Automação e Sistemas - PosAutomação,Automação e Sistemas Mecatrônicos,Controle de Tráfego Urbano,90.1.Autonomous behaviour: (0.303),"59.10.Personal climate control facilitation (temperature, airflow, humidity) (0.265)","115.1.Identification of drivers of change (technological, demographic, cultural, political) (0.263)",41.3.Motion Planning (0.292),10.1.Management and Control (0.288),"58.4.Autonomous, Real-Time Command and Control (0.275)",,
Engenharia de Automação e Sistemas - PosAutomação,Automação e Sistemas Mecatrônicos,Empresas Virtuais e Redes Colaborativas,12.6.Cordierite (0.241),"109.2.Displays - Colour, 3D display, Virtual reality, Information presentation (0.216)",13.4.Elaboration processes. (0.215),54.2.Vibroacoustics (0.217),"26.5.Food Production, Processing and Preservation (0.183)",53.4.Sustainable Manufacturing (0.160),,
Engenharia de Automação e Sistemas - PosAutomação,Automação e Sistemas Mecatrônicos,Atuadores,118.10.Resilient (0.231),118.2.Digital Factory (0.213),118.1.Factory of the Future (0.212),24.4.Habitation Systems (0.227),30.1.Destination Reconnaissance and Resource Assessment (0.197),62.2.Aerothermodynamics (0.194),,
Engenharia de Automação e Sistemas - PosAutomação,Sistemas Computacionais,Tempo Real,97.4.Faster-than-real-time time simulators (0.287),98.1.Real-time simulator (0.235),21.3.Automatics and real time systems for the study and for the realisation of controllers (0.230),"58.4.Autonomous, Real-Time Command and Control (0.272)",44.6.Real-Time Software (0.229),32.3.Training (0.198),,
Engenharia de Automação e Sistemas - PosAutomação,Sistemas Computacionais,Tolerância a Falhas e Segurança,"115.2.Elaboration of basic trends (societal, cultural) (0.228)","115.1.Identification of drivers of change (technological, demographic, cultural, political) (0.209)",118.8.Human-centric (0.189),"26.5.Food Production, Processing and Preservation (0.257)",26.2.Prevention and Countermeasures (0.196),25.1.Pressure Garment (0.185),,
Engenharia de Automação e Sistemas - PosAutomação,Sistemas Computacionais,Sistemas Distribuídos e Redes,"63.4.Control systems - maintenance panels, cockpit display panels, visualisation of system status, audible alerts, design (zonal configuration, redundancy, reliability, systems research, analysis of operational incidents), BITE (0.228)","56.1.System components. generators, alternators, converters, inverters, batteries, circuit protection (circuit breakers, current limiters, automatic bus transfer), wiring, connectors, control systems, measuring instruments, warning indicators (0.209)","109.2.Displays - Colour, 3D display, Virtual reality, Information presentation (0.200)",44.5.Architecture and Design of Software Systems (0.221),1.1.Integrated Systems and Ancillary Technologies (0.196),3.1.Integrated Systems and Ancillary Technologies (0.174),,
Engenharia de Automação e Sistemas - PosAutomação,Sistemas Computacionais,Engenharia de Software,36.5.Development and production of software (0.457),91.3.Software implementation (0.437),92.3.Development of OR tools (0.433),49.2.Automated Exascale Software Development Toolset (0.495),44.1.Tools and Methodologies for Software Design and Development (0.481),44.8.Software Analysis and Design Tools (0.479),,
Engenharia de Automação e Sistemas - PosAutomação,Sistemas Computacionais,Inteligência Artificial e Informática Industrial,90.8.Expert systems (0.429),"85.4.Command, Control, Communications & Intelligence (C3I) (0.394)",86.1.Multi-agent systems (0.393),53.2.Intelligent Integrated Manufacturing (0.518),1.1.Integrated Systems and Ancillary Technologies (0.435),3.1.Integrated Systems and Ancillary Technologies (0.429),,
Engenharia de Automação e Sistemas - PosAutomação,"Automação, Controle, Otimização e Instrumentação para Indústrias de Petróleo e Gás",Controle Regulatório e Avançado de Processos da Indústria do Petróleo e Gás,"63.3.Fire suppression - halon, watermist/nitrogen flooding, environmental impact, piping, valves, on-board inert gas generation systems, hand-held extinguishing systems (0.436)","24.3.combustion: efficiency, stability, ignition, extinction, instabilities, active control, gaseous emissions, soots (0.375)",38.7.Fuel Supply Systems (0.362),3.4.Pressure Gain Combustion (0.361),"55.4.Propellant Production, Storage and Transfer (0.342)",3.7.Reciprocating Internal Combustion (0.341),,
Engenharia de Automação e Sistemas - PosAutomação,"Automação, Controle, Otimização e Instrumentação para Indústrias de Petróleo e Gás",Controle Preditivo e Otimização em Tempo Real,21.3.Automatics and real time systems for the study and for the realisation of controllers (0.341),26.9.active control (0.319),90.1.Autonomous behaviour: (0.300),10.1.Management and Control (0.421),41.4.Execution and Control (0.308),60.8.Measurement and Control (0.281),,
Engenharia de Automação e Sistemas - PosAutomação,"Automação, Controle, Otimização e Instrumentação para Indústrias de Petróleo e Gás",Otimização da Produção de Campos de Petróleo,117.3.Alternative fuels (0.338),38.7.Fuel Supply Systems (0.286),104.10.Waste Management (0.286),"30.4.Resource Processing for Production of Manufacturing, Construction, and Energy Storage Feedstock Materials (0.310)","55.4.Propellant Production, Storage and Transfer (0.288)",24.3.Waste Management (0.275),,
Engenharia de Automação e Sistemas - PosAutomação,"Automação, Controle, Otimização e Instrumentação para Indústrias de Petróleo e Gás",Instrumentação para Processos da Indústria do Petróleo e Gás,"63.3.Fire suppression - halon, watermist/nitrogen flooding, environmental impact, piping, valves, on-board inert gas generation systems, hand-held extinguishing systems (0.395)","59.4.Recirculation system - CO, CO2 monitoring and removal (0.363)","57.1.Components. LP air cylinders, pressure gauges and warning lights, pipework, valves and fittings, filters, seals (0.361)","30.4.Resource Processing for Production of Manufacturing, Construction, and Energy Storage Feedstock Materials (0.386)",53.1.Manufacturing Processes (0.367),"55.4.Propellant Production, Storage and Transfer (0.343)",,
Engenharia de Automação e Sistemas - PosAutomação,"Automação, Controle, Otimização e Instrumentação para Indústrias de Petróleo e Gás",Automação de Plataformas de Produção,21.3.Automatics and real time systems for the study and for the realisation of controllers (0.395),96.2.Use of business modelling methods and tools (e.g. yield/revenue management) (0.340),40.3.ACAS Automation and Use: (0.333),48.3.Tools and Methodologies for Vehicle or Concept Definition Activities (0.370),53.1.Manufacturing Processes (0.325),53.2.Intelligent Integrated Manufacturing (0.320),,
Engenharia Mecânica – POSMEC,Análise e Projeto Mecânico,Mecânica dos sólidos computacional,92.3.Development of OR tools (0.371),36.5.Development and production of software (0.333),"101.1.Validation methods, methodologies, procedures, metrics, tools. Includes studies of validation issues for new technologies and systems. (0.329)",48.2.Tools and Methodologies for Performing Systems Analysis (0.338),44.8.Software Analysis and Design Tools (0.336),44.1.Tools and Methodologies for Software Design and Development (0.333),,
Engenharia Mecânica – POSMEC,Análise e Projeto Mecânico,Método dos elementos finitos,14.16.Thermo-plastics: composite structures (0.275),12.5.Silica (0.252),12.6.Cordierite (0.247),1.4.Solids (0.212),"16.1.Modularity, Commonality, and Interfaces (0.206)",3.6.Ramjet/Scramjet (0.200),,
Engenharia Mecânica – POSMEC,Análise e Projeto Mecânico,Otimização de projeto,68.3.Mathematical Definition of performance objectives. (0.417),68.2.Selection of optimisation method and strategy. (0.337),90.3.Pro-active behaviour / Goal oriented behaviour: (0.308),42.3.Goal and Task Negotiation (0.319),48.3.Tools and Methodologies for Vehicle or Concept Definition Activities (0.252),3.6.Ramjet/Scramjet (0.220),,
Engenharia Mecânica – POSMEC,Análise e Projeto Mecânico,Simulação numérica de materiais compostos laminados,104.2.Sustainability of Materials (0.371),104.4.Environmentally Friendly Materials (0.357),14.4.Fibre-metal laminates (0.343),"26.5.Food Production, Processing and Preservation (0.364)",31.5.Particulate Contamination Prevention and Mitigation (0.277),"30.4.Resource Processing for Production of Manufacturing, Construction, and Energy Storage Feedstock Materials (0.261)",,
Engenharia Mecânica – POSMEC,Análise e Projeto Mecânico,Mecânica da fratura e fadiga,12.6.Cordierite (0.196),3.6.MEMS (0.179),108.5.Subscale (0.149),"26.5.Food Production, Processing and Preservation (0.134)",71.1.Onboard Navigation Algorithms (0.118),16.3.Robot Software (0.117),,
Engenharia Mecânica – POSMEC,Análise e Projeto Mecânico,Mecânica do dano,3.6.MEMS (0.258),44.5.MEMS (0.210),12.6.Cordierite (0.182),16.3.Robot Software (0.157),49.6.Cognitive Computer (0.143),49.7.High Performance Data Analytics Platform (0.143),,
Engenharia Mecânica – POSMEC,Análise e Projeto Mecânico,Confiabilidade estrutural,"101.1.Validation methods, methodologies, procedures, metrics, tools. Includes studies of validation issues for new technologies and systems. (0.374)",101.6.Concept validation (0.369),81.1.Means of compliance: Fault tolerance (0.363),42.1.Joint Knowledge and Understanding (0.332),29.6.Maintainability and Supportability (0.331),51.2.Design and Certification Methods (0.329),,
Engenharia Mecânica – POSMEC,Análise e Projeto Mecânico,Dinâmica de estruturas,"115.1.Identification of drivers of change (technological, demographic, cultural, political) (0.308)","115.2.Elaboration of basic trends (societal, cultural) (0.290)",118.9.Sustainable (0.262),48.3.Tools and Methodologies for Vehicle or Concept Definition Activities (0.200),"26.5.Food Production, Processing and Preservation (0.200)",39.1.Architecture Design and Analysis (0.194),,
Engenharia Mecânica – POSMEC,Engenharia e Ciências Térmicas,Análise exergética,87.7.Task analysis (0.297),91.2.Object-oriented analysis & design (0.276),88.3.Situation assessment (0.260),49.2.Automated Exascale Software Development Toolset (0.302),48.2.Tools and Methodologies for Performing Systems Analysis (0.262),44.8.Software Analysis and Design Tools (0.245),,
Engenharia Mecânica – POSMEC,Engenharia e Ciências Térmicas,Análise térmica de edificações,92.2.Development of OR methods (0.365),91.2.Object-oriented analysis & design (0.296),11.10.Chemical analyses (0.279),"51.4.Tests, Tools and Methods (0.256)",48.3.Tools and Methodologies for Vehicle or Concept Definition Activities (0.255),17.6.Optimetrics (0.255),,
Engenharia Mecânica – POSMEC,Engenharia e Ciências Térmicas,Caracterização de rochas-reservatório de petróleo,117.3.Alternative fuels (0.439),"24.3.combustion: efficiency, stability, ignition, extinction, instabilities, active control, gaseous emissions, soots (0.415)",26.1.combustion efficiency (0.384),3.7.Reciprocating Internal Combustion (0.346),"55.4.Propellant Production, Storage and Transfer (0.339)",3.12.Alternative Low Carbon Jet Fuel (0.330),,
Engenharia Mecânica – POSMEC,Engenharia e Ciências Térmicas,Combustão,37.2.turbulent combustion (0.367),26.1.combustion efficiency (0.303),26.4.turbulent combustion modelling (0.298),62.4.Aeroacoustics (0.332),54.2.Vibroacoustics (0.323),3.7.Reciprocating Internal Combustion (0.313),,
Engenharia Mecânica – POSMEC,Engenharia e Ciências Térmicas,Condicionamento de ar,"112.5.Training of ATM personnel (methods, facilities, evaluation) (0.347)","112.2.Recruitment and selection of ATM personnel (methods, facilities, evaluation) (0.321)","76.5.Improvement of existing rules and regulations (e.g. Cross-wind criteria, contaminated runway criteria), in the future particularly relevant to ATM in view of complete lack of certification of ATM systems) (0.306)",6.3.Vision and Virtual/Augmented Reality Avionics (0.314),39.1.Architecture Design and Analysis (0.295),75.2.Tactical Management of Air Vehicles (0.293),,
Engenharia Mecânica – POSMEC,Engenharia e Ciências Térmicas,Controle térmico de satélites,"42.2.Satellite-based aircraft navigation and guidance systems (e.g. GPS, differential GPS, GLONASS) (0.368)","36.9.Complex applications, system analysis, control (0.323)",42.4.Digital altitude control systems (radar altimeters etc) (0.289),63.1.Trajectory Design and Analysis (0.312),"71.6.Rendezvous, Proximity Operations, and Capture Trajectory Design and Orbit Determination (0.269)",1.2.Earth Storable (0.262),,
Engenharia Mecânica – POSMEC,Engenharia e Ciências Térmicas,Ebulição e condensação,70.6.Icing conditions / heavy precipitation. (0.270),"59.1.Provision of fresh air - bleed air, ozone converter, air conditioning/cooling packs (heat exchangers, turbines, compressors, air mix chambers) (0.268)",12.5.Silica (0.256),55.1.Natural and Induced Environment Characterization and Mitigation (0.207),17.5.Atmospheric Mitigation (0.202),1.7.Cold Gas (0.194),,
Engenharia Mecânica – POSMEC,Engenharia e Ciências Térmicas,Energia solar,28.3.radiation (0.294),106.4.Meteorological (0.222),"31.1.Increasing power per kilogram, decreasing fuel consumption, reducing costs through various ways (0.221)",4.1.Solar Sails (0.465),8.1.Photovoltaic (0.406),32.5.Planetary Protection (0.332),,
Engenharia Mecânica – POSMEC,Engenharia e Ciências Térmicas,Escoamento e termodinâmica de misturas,"59.6.Cabin ventilation and ducting system - flow patterns analysis, tools and modelling, zonal distribution, avoidance of draughts and stagnant areas (0.248)","60.5.Cabin waste - solid/semi-solid/liquid, storage, compaction, avoidance of smells (0.232)",59.8.Air quality monitoring and analysis - development of comfort index (0.225),25.4.Decompression Sickness Mitigation (0.233),17.6.Optimetrics (0.166),29.3.Habitability and Environment (0.163),,
Engenharia Mecânica – POSMEC,Engenharia e Ciências Térmicas,Escoamento de fluidos em meios porosos,11.9.Microscopical analyses (0.348),5.1.Computational Fluid Dynamics (0.288),3.1.Computational Fluid Dynamics (0.285),62.5.Propulsion Flowpath and Interactions (0.201),62.7.Computational Fluid Dynamics (CFD) Technologies (0.189),1.5.Hybrids (0.183),,
Engenharia Mecânica – POSMEC,Engenharia e Ciências Térmicas,Geração e cogeração de energia,"109.4.Development of methods, tools and processes to support the integration of people with complex systems (0.209)",110.4.Cognitive aspects of operator performance (0.198),"115.2.Elaboration of basic trends (societal, cultural) (0.195)",35.6.Extreme Environments Related to Critical System Health Management (0.210),29.3.Habitability and Environment (0.204),26.7.System Transformative Health and Performance Concepts (0.197),,
Engenharia Mecânica – POSMEC,Engenharia e Ciências Térmicas,Instrumentação para análise térmica de edificações,92.2.Development of OR methods (0.387),91.2.Object-oriented analysis & design (0.334),92.3.Development of OR tools (0.324),39.6.Instrumentation and Health Monitoring for EDL (0.330),56.7.Test Instruments and Sensors (0.303),"51.4.Tests, Tools and Methods (0.297)",,
Engenharia Mecânica – POSMEC,Engenharia e Ciências Térmicas,Lubrificação,"32.1.lubricate rotating parts such as bearings and gears, to limit wear and friction (0.475)",11.5.Coatings (0.238),64.2.Hydraulic fluid and its conditioning (0.234),54.2.Vibroacoustics (0.287),50.5.Coatings (0.261),25.1.Pressure Garment (0.215),,
Engenharia Mecânica – POSMEC,Engenharia e Ciências Térmicas,Mecânica dos fluidos e transferência de calor computacional,"99.5.Laboratory equipment, calibration equipment (0.424)",64.2.Hydraulic fluid and its conditioning (0.390),"74.5.Instrumentation system: Measurement , Data Acquisition and Recording equipment, Calibration (0.367)",62.7.Computational Fluid Dynamics (CFD) Technologies (0.359),3.1.Integrated Systems and Ancillary Technologies (0.320),1.1.Integrated Systems and Ancillary Technologies (0.317),,
Engenharia Mecânica – POSMEC,Engenharia e Ciências Térmicas,Modelos discretos de escoamento de fluidos (Lattice-Gas),3.1.Computational Fluid Dynamics (0.554),6.1.Computational Fluid Dynamics (0.543),4.1.Computational Fluid Dynamics (0.541),62.7.Computational Fluid Dynamics (CFD) Technologies (0.430),45.4.Science Modeling (0.335),"46.7.Multiscale, Multiphysics, and Multifidelity Simulation (0.324)",,
Engenharia Mecânica – POSMEC,Engenharia e Ciências Térmicas,Radiação,26.5.radiative transfers (0.396),"36.1.Physical modelling (turbulent, heat transfer, reactive flows, two-phase flows, radiative medium...) (0.307)",84.6.Radiative transfer computation in hot gases media (0.278),"26.5.Food Production, Processing and Preservation (0.255)",54.2.Vibroacoustics (0.227),28.2.Radiation Mitigation and Biological Countermeasures (0.227),,
Engenharia Mecânica – POSMEC,Engenharia e Ciências Térmicas,Refrigeração,"59.1.Provision of fresh air - bleed air, ozone converter, air conditioning/cooling packs (heat exchangers, turbines, compressors, air mix chambers) (0.298)","60.5.Cabin waste - solid/semi-solid/liquid, storage, compaction, avoidance of smells (0.278)","59.7.Control systems - status indicators, parameter level and system warning indicators, manual regulators for emergency use (0.271)","26.5.Food Production, Processing and Preservation (0.331)",60.7.Verification and Validation of Thermal Management Systems (0.275),60.6.Heating Systems (0.264),,
Engenharia Mecânica – POSMEC,Engenharia e Ciências Térmicas,Reologia,53.6.Self-healing and self-repairing systems and materials (0.239),81.4.Maturity (0.204),118.10.Resilient (0.203),27.4.Remediation (0.312),26.1.Medical Diagnosis and Prognosis (0.264),26.6.Long Duration Health (0.220),,
Engenharia Mecânica – POSMEC,Engenharia e Ciências Térmicas,Simulação de reservatórios de petróleo,117.3.Alternative fuels (0.395),"59.4.Recirculation system - CO, CO2 monitoring and removal (0.386)",38.5.Auxiliary Systems and Refuelling Procedures (0.370),"55.4.Propellant Production, Storage and Transfer (0.387)",3.7.Reciprocating Internal Combustion (0.354),"30.4.Resource Processing for Production of Manufacturing, Construction, and Energy Storage Feedstock Materials (0.349)",,
Engenharia Mecânica – POSMEC,Engenharia e Ciências Térmicas,Tubos de calor,12.6.Cordierite (0.244),"60.4.Plumbing - pipework, valves, fittings, filters (0.234)",12.5.Silica (0.229),62.2.Aerothermodynamics (0.188),34.1.Mirror Systems (0.188),1.6.Gels (0.187),,
Engenharia Mecânica – POSMEC,Engenharia e Ciências Térmicas,Turbulência,12.6.Cordierite (0.257),118.10.Resilient (0.207),"58.1.Passenger seats - configurations (side-facing, rear-facing, bed-seats), comfort (suppression of vibration etc), ergonomic design, safety crash worthiness, integration of value-added services (0.196)",62.4.Aeroacoustics (0.201),54.2.Vibroacoustics (0.199),62.2.Aerothermodynamics (0.195),,
Engenharia Mecânica – POSMEC,Fabricação,Processos de usinagem com gumes de Geometria Definida ou Indefinida e pós-processamento,104.2.Sustainability of Materials (0.312),"19.2.Modelling: Analytical approaches, Finite element analysis, Boundary Element Analysis, Statistic Energy Analysis, Energy diffusion; (0.291)",21.4.Optimisation of the location of patches on the structures (0.278),53.1.Manufacturing Processes (0.285),31.3.Surface Construction and Assembly (0.278),"56.4.Verification and Validation of Ground, Test, and Surface Systems (0.274)",,
Engenharia Mecânica – POSMEC,Fabricação,Monitoramento de processos de usinagem,111.4.Evaluation of human factors procedures (0.407),"111.10.Research and techniques to sense and monitor human performance, including physiological sensing and monitoring (0.355)","109.4.Development of methods, tools and processes to support the integration of people with complex systems (0.329)",45.3.Human-System Performance Modeling (0.381),53.1.Manufacturing Processes (0.345),48.2.Tools and Methodologies for Performing Systems Analysis (0.332),,
Engenharia Mecânica – POSMEC,Fabricação,Modelagem e simulação da usinagem,96.1.Development of business modelling methods and tools (0.443),66.2.Mathematical modelling (0.427),96.2.Use of business modelling methods and tools (e.g. yield/revenue management) (0.425),40.3.Knowledge and Model Building (0.467),45.3.Human-System Performance Modeling (0.419),45.4.Science Modeling (0.399),,
Engenharia Mecânica – POSMEC,Fabricação,"Usinagem de materiais frágeis, endurecidos e superligas","60.3.Toilets - reliability, maintainability, technologies (recirculation, vacuum), storage and disposal of waste (0.197)",11.9.Microscopical analyses (0.188),"17.1.Structural dynamic modelling: Material modelling (viscoelastic media, composites, multilayer structure); Numerical method( (Analytical, Finite Element analysis), Statistic Energy Analysis); Linear and non linear analysis; Damping modelling; Structure internal fluid interaction (sloshing). (0.184)",58.2.Team Preparedness and Training (0.222),"26.5.Food Production, Processing and Preservation (0.204)",39.3.System Integration and Analysis for EDL (0.191),,
Engenharia Mecânica – POSMEC,Fabricação,Usinagem de materiais autolubrificantes,53.6.Self-healing and self-repairing systems and materials (0.371),104.1.Sustainable Industrialization; Sustainability of Materials (0.331),104.2.Sustainability of Materials (0.320),"26.5.Food Production, Processing and Preservation (0.381)",53.1.Manufacturing Processes (0.343),"30.4.Resource Processing for Production of Manufacturing, Construction, and Energy Storage Feedstock Materials (0.311)",,
Engenharia Mecânica – POSMEC,Fabricação,"Processamento de materiais por LASER – Soldagem, Cladding, LASER Metal Deposition, Microusinagem, texturização, tratamento térmico, outros",14.10.Laser beam welding: metal structures (0.437),84.1.Material thermodynamic and optical properties. (0.339),"50.6.Optics sensors. enhanced vision sensors, light intensifiers, solid state lasers, MOEMS (Micro electro- optical mechanical systems) (0.334)",53.1.Manufacturing Processes (0.378),53.3.Electronics and Optics Manufacturing Process (0.357),"30.4.Resource Processing for Production of Manufacturing, Construction, and Energy Storage Feedstock Materials (0.318)",,
Engenharia Mecânica – POSMEC,Fabricação,Engenharia de precisão,13.4.Elaboration processes. (0.227),81.4.Maturity (0.222),118.1.Factory of the Future (0.219),3.6.Ramjet/Scramjet (0.194),42.3.Goal and Task Negotiation (0.189),42.1.Joint Knowledge and Understanding (0.181),,
Engenharia Mecânica – POSMEC,Fabricação,Engenharia da qualidade,92.2.Development of OR methods (0.228),"115.1.Identification of drivers of change (technological, demographic, cultural, political) (0.217)",110.1.Knowledge engineering (0.215),"26.5.Food Production, Processing and Preservation (0.249)",42.1.Joint Knowledge and Understanding (0.234),49.2.Automated Exascale Software Development Toolset (0.193),,
Engenharia Mecânica – POSMEC,Fabricação,Desenvolvimento e Caracterização de Superfícies Multifuncionais (Análise de rugosidade e integridade de superfícies),"42.6.Inspection, adjustment, performance testing, malfunction analysis and corrective (0.410)","88.4.Planning & monitoring (Sequencing, Time scheduling, Mission planning support, Flow planning, Resource allocation, Feedback control, Guidance) (0.394)",11.1.Superalloys (0.346),49.3.Exascale Supercomputer File System (0.363),30.3.Resource Processing for Production of Mission Consumables (0.340),40.3.Knowledge and Model Building (0.334),,
Engenharia Mecânica – POSMEC,Fabricação,Gerenciamento de ferramentas de corte,"18.12.Optical techniques (holography, shearography, Moire) (0.268)",112.10.Management of skill acquisition and skill fade (0.249),81.4.Maturity (0.246),"26.5.Food Production, Processing and Preservation (0.231)",26.3.Behavioral Health and Performance (0.217),15.5.Capture Mechanisms and Fixtures (0.213),,
Engenharia Mecânica – POSMEC,Fabricação,Automação de máquinas,"65.2.Mathematical modelling - equations of motion, aerodynamics, mass properties and geometry, taking into account modelling errors and uncertainties). (0.259)","67.1.Mathematical modelling (3 DOF point mass model, equations of motion, environment, aerodynamics, engine and systems) (0.235)",21.3.Automatics and real time systems for the study and for the realisation of controllers (0.226),"58.4.Autonomous, Real-Time Command and Control (0.230)",71.3.Navigation Sensors (0.210),48.3.Tools and Methodologies for Vehicle or Concept Definition Activities (0.202),,
Engenharia Mecânica – POSMEC,Fabricação,Planejamento de processos assistido por computador,11.7.Assembling processes (0.502),"109.4.Development of methods, tools and processes to support the integration of people with complex systems (0.463)",104.3.Processes and Resources (0.434),53.1.Manufacturing Processes (0.431),48.2.Tools and Methodologies for Performing Systems Analysis (0.414),45.3.Human-System Performance Modeling (0.383),,
Engenharia Mecânica – POSMEC,Fabricação,Modelagem computacional de produtos,86.2.Task modelling (0.498),96.1.Development of business modelling methods and tools (0.497),"36.6.Validation of software, model characterisation (0.477)",45.1.Software Modeling and Model Checking (0.531),40.3.Knowledge and Model Building (0.525),46.3.Model-Based Systems Engineering (MBSE) (0.522),,
Engenharia Mecânica – POSMEC,Fabricação,Projeto para a manufatura,"65.2.Mathematical modelling - equations of motion, aerodynamics, mass properties and geometry, taking into account modelling errors and uncertainties). (0.228)",89.6.Competence management (0.225),"57.1.Components. LP air cylinders, pressure gauges and warning lights, pipework, valves and fittings, filters, seals (0.215)",3.6.Ramjet/Scramjet (0.341),48.3.Tools and Methodologies for Vehicle or Concept Definition Activities (0.228),42.3.Goal and Task Negotiation (0.227),,
Engenharia Mecânica – POSMEC,Fabricação,Manufatura Sustentável,"60.5.Cabin waste - solid/semi-solid/liquid, storage, compaction, avoidance of smells (0.321)",104.2.Sustainability of Materials (0.309),"60.3.Toilets - reliability, maintainability, technologies (recirculation, vacuum), storage and disposal of waste (0.305)","26.5.Food Production, Processing and Preservation (0.395)",29.3.Habitability and Environment (0.300),"30.2.Resource Acquisition, Isolation, and Preparation (0.299)",,
Engenharia Mecânica – POSMEC,Fabricação,Manufatura Enxuta,"60.5.Cabin waste - solid/semi-solid/liquid, storage, compaction, avoidance of smells (0.286)","58.1.Passenger seats - configurations (side-facing, rear-facing, bed-seats), comfort (suppression of vibration etc), ergonomic design, safety crash worthiness, integration of value-added services (0.283)","60.3.Toilets - reliability, maintainability, technologies (recirculation, vacuum), storage and disposal of waste (0.247)",53.4.Sustainable Manufacturing (0.226),"26.5.Food Production, Processing and Preservation (0.223)",25.1.Pressure Garment (0.217),,
Engenharia Mecânica – POSMEC,Fabricação,Manufatura Aditiva (Impressão 3D),87.4.Material design (0.332),"67.1.Mathematical modelling (3 DOF point mass model, equations of motion, environment, aerodynamics, engine and systems) (0.312)",39.3.Design Methodologies (0.307),62.3.Aeroelasticity (0.311),50.7.Special Materials (0.302),31.3.Surface Construction and Assembly (0.294),,
Engenharia Mecânica – POSMEC,Fabricação,"Desenvolvimento, modelagem, melhoria e gestão de processos, produtos e serviços",96.2.Use of business modelling methods and tools (e.g. yield/revenue management) (0.476),96.1.Development of business modelling methods and tools (0.450),"61.3.Management system - level indicators, actuators, control system (0.393)",53.1.Manufacturing Processes (0.417),30.3.Resource Processing for Production of Mission Consumables (0.356),26.7.System Transformative Health and Performance Concepts (0.336),,
Engenharia Mecânica – POSMEC,Fabricação,Comportamento Biomecânico de Materiais e Componentes Biomédicos,104.2.Sustainability of Materials (0.298),"19.1.Material properties: Homogeneous material, heterogeneous structure, Composite material, viscoelastic media, multilayer, etc., Acoustic material, porous material, Material optimisation. (0.296)","13.2.OMC: matrices (thermosetting resins, thermoplastic polymers, thermostables and elastomers); reinforcement by fibres (carbon, polyethylene, polyaramide, glass, plant fibres) and by particles (mineral, nanotubes). (0.283)","26.5.Food Production, Processing and Preservation (0.331)","30.4.Resource Processing for Production of Manufacturing, Construction, and Energy Storage Feedstock Materials (0.251)","27.1.Sensors: Air, Water, Microbial, and Acoustic (0.242)",,
Engenharia Mecânica – POSMEC,Fabricação,Materiais Biomédicos Multifuncionais e Smart Materials,104.2.Sustainability of Materials (0.462),104.1.Sustainable Industrialization; Sustainability of Materials (0.432),21.10.New concepts of passive or adaptive materials (0.416),50.8.Smart Materials (0.558),50.7.Special Materials (0.399),"51.5.Innovative, Multifunctional Concepts (0.379)",,
Engenharia Mecânica – POSMEC,Fabricação,Novos Materiais para Manufatura Aditiva,104.2.Sustainability of Materials (0.287),14.16.Thermo-plastics: composite structures (0.280),104.1.Sustainable Industrialization; Sustainability of Materials (0.280),"26.5.Food Production, Processing and Preservation (0.277)","30.4.Resource Processing for Production of Manufacturing, Construction, and Energy Storage Feedstock Materials (0.263)",50.7.Special Materials (0.258),,
Engenharia Mecânica – POSMEC,Fabricação,Projeto e fabricação de implantes poliméricos,"21.2.Techniques in relation with actuators and sensors such as piezoelectric or piezoceramic materials, electrostrictive ceramics... and their mechanical modellisation. (0.337)",104.2.Sustainability of Materials (0.331),14.16.Thermo-plastics: composite structures (0.313),50.7.Special Materials (0.288),50.3.Flexible Material Systems (0.276),"50.6.Materials for Electrical Power Generation, Energy Storage, Power Distribution, and Electrical Machines (0.271)",,
Engenharia Mecânica – POSMEC,Fabricação,"Moldagem por injeção, extrusão e impressão 3D com polímeros",14.14.Resin transfer moulding: composite structures (0.351),"42.9.Synthetic 3D vision with terrain and obstacle information and visualisation, automatic warnings to crew if flight path intersects with terrain (0.313)",15.4.Composite and multilayer structure modelling (0.283),31.3.Surface Construction and Assembly (0.280),3.6.Ramjet/Scramjet (0.246),"74.9.Onboard and Ground-Based Terrain and Object Simulation, Mapping, and Modeling Software (0.244)",,
Engenharia Mecânica – POSMEC,Fabricação,"Desenvolvimento de novos materiais para blindagem contra a interferência eletromagnética, sensores, dissipação de carga estática e proteção contra a corrosão de metais","21.2.Techniques in relation with actuators and sensors such as piezoelectric or piezoceramic materials, electrostrictive ceramics... and their mechanical modellisation. (0.249)",17.12.Experimental Identification (0.240),"59.4.Recirculation system - CO, CO2 monitoring and removal (0.215)",55.1.Natural and Induced Environment Characterization and Mitigation (0.280),53.5.Nondestructive Evaluation and Sensors (0.257),"56.3.Non-Destructive Inspection, Evaluation, and Root Cause Analysis (0.242)",,
Engenharia Mecânica – POSMEC,Fabricação,"Fabricação de compósitos poliméricos condutores por impressão 3D, moldagem por injeção e extrusão",14.14.Resin transfer moulding: composite structures (0.420),14.16.Thermo-plastics: composite structures (0.401),104.2.Sustainability of Materials (0.400),"30.4.Resource Processing for Production of Manufacturing, Construction, and Energy Storage Feedstock Materials (0.362)",50.3.Flexible Material Systems (0.357),50.4.Materials for Extreme Environments (0.352),,
Engenharia Mecânica – POSMEC,Fabricação,Fabricação de membranas poliméricas pelo processo de eletrofiação,104.2.Sustainability of Materials (0.467),104.1.Sustainable Industrialization; Sustainability of Materials (0.394),104.4.Environmentally Friendly Materials (0.365),"30.4.Resource Processing for Production of Manufacturing, Construction, and Energy Storage Feedstock Materials (0.346)",53.1.Manufacturing Processes (0.294),"30.2.Resource Acquisition, Isolation, and Preparation (0.281)",,
Engenharia Mecânica – POSMEC,Fabricação,Projeto e fabricação de componentes de plástico,14.16.Thermo-plastics: composite structures (0.572),104.2.Sustainability of Materials (0.503),104.4.Environmentally Friendly Materials (0.462),50.3.Flexible Material Systems (0.458),50.4.Materials for Extreme Environments (0.378),50.7.Special Materials (0.377),,
Engenharia Mecânica – POSMEC,Fabricação,"Processos Convencionais e Avançados de Soldagem a Arco Elétrico, a LASER e híbridos",14.10.Laser beam welding: metal structures (0.446),"50.6.Optics sensors. enhanced vision sensors, light intensifiers, solid state lasers, MOEMS (Micro electro- optical mechanical systems) (0.374)",14.8.Welding technologies (0.360),53.3.Electronics and Optics Manufacturing Process (0.403),33.5.Lasers (0.386),53.1.Manufacturing Processes (0.382),,
Engenharia Mecânica – POSMEC,Fabricação,"Instrumentação, Automação, e Controle da Soldagem para Manufatura Avançada","61.3.Management system - level indicators, actuators, control system (0.383)",21.3.Automatics and real time systems for the study and for the realisation of controllers (0.357),40.3.ACAS Automation and Use: (0.345),60.8.Measurement and Control (0.340),56.7.Test Instruments and Sensors (0.314),53.1.Manufacturing Processes (0.310),,
Engenharia Mecânica – POSMEC,Fabricação,Metalurgia da Soldagem,14.6.High speed machining: metal parts (0.348),118.3.Digital Manufacturing (0.268),118.2.Digital Factory (0.264),"26.5.Food Production, Processing and Preservation (0.328)",53.1.Manufacturing Processes (0.318),55.3.Commodity Recovery (0.284),,
Engenharia Mecânica – POSMEC,Fabricação,Usinagem de formas geométricas complexas,"65.2.Mathematical modelling - equations of motion, aerodynamics, mass properties and geometry, taking into account modelling errors and uncertainties). (0.291)",1.7.Complex CFD applications (0.290),"109.4.Development of methods, tools and processes to support the integration of people with complex systems (0.280)",31.3.Surface Construction and Assembly (0.237),"16.1.Modularity, Commonality, and Interfaces (0.217)",34.2.Structures and Antennas (0.207),,
Engenharia Mecânica – POSMEC,Fabricação,Integração de sistemas computacionais CAD/CAM/CAI/CAE/CAx,72.1.Integration system technologies (0.458),"74.5.Instrumentation system: Measurement , Data Acquisition and Recording equipment, Calibration (0.410)","103.4.Integrated platforms for system development, safety analysis and certification (0.395)",45.2.Integrated Hardware and Software Modeling (0.416),3.1.Integrated Systems and Ancillary Technologies (0.385),44.8.Software Analysis and Design Tools (0.382),,
Engenharia Mecânica – POSMEC,Fabricação,Fabricação de peças plásticas por injeção,14.16.Thermo-plastics: composite structures (0.493),104.2.Sustainability of Materials (0.469),104.4.Environmentally Friendly Materials (0.421),50.3.Flexible Material Systems (0.415),"30.4.Resource Processing for Production of Manufacturing, Construction, and Energy Storage Feedstock Materials (0.343)",50.4.Materials for Extreme Environments (0.339),,
Engenharia Mecânica – POSMEC,Vibrações e Acústica,Caracterização dinâmica de materiais viscoelásticos,"19.1.Material properties: Homogeneous material, heterogeneous structure, Composite material, viscoelastic media, multilayer, etc., Acoustic material, porous material, Material optimisation. (0.494)","17.9.Material properties: Homogeneous material, composites, viscoelastic media, multilayer, etc.; Acoustic material (0.490)","15.1.Metallic Material constitutive laws (linear elasticity, plasticity, viscolelasticity) (0.421)",50.3.Flexible Material Systems (0.356),"52.2.Electro-Mechanical, Mechanical, and Micromechanisms (0.271)",56.1.Mechanical/Structural Integrity Testing (0.266),,
Engenharia Mecânica – POSMEC,Vibrações e Acústica,Controle modal de vibrações e som irradiado de estruturas complexas por neutralizadores viscoelásticos,"17.1.Structural dynamic modelling: Material modelling (viscoelastic media, composites, multilayer structure); Numerical method( (Analytical, Finite Element analysis), Statistic Energy Analysis); Linear and non linear analysis; Damping modelling; Structure internal fluid interaction (sloshing). (0.369)","16.2.Dynamic aeroelasticity: Structural dynamic (linear and non linear), Unsteady aerodynamic (linear and non linear), Fluid structure coupling, Fluid structure systems coupling, Flutter, Forced response. (0.310)","19.1.Material properties: Homogeneous material, heterogeneous structure, Composite material, viscoelastic media, multilayer, etc., Acoustic material, porous material, Material optimisation. (0.309)",50.3.Flexible Material Systems (0.288),54.1.Loads and Vibration (0.202),14.1.Multi-Modal and Proximate Interaction (0.200),,
Engenharia Mecânica – POSMEC,Vibrações e Acústica,Controle ativo de vibrações de estruturas flexíveis,5.6.Flexible wing (0.362),56.5.Elecromechanical actuation (EMA) - Flight control systems (0.338),"21.2.Techniques in relation with actuators and sensors such as piezoelectric or piezoceramic materials, electrostrictive ceramics... and their mechanical modellisation. (0.332)",50.3.Flexible Material Systems (0.325),72.4.Control Force/Torque Actuators (0.298),60.8.Measurement and Control (0.296),,
Engenharia Mecânica – POSMEC,Vibrações e Acústica,Ruído e vibrações veiculares,12.6.Cordierite (0.230),"21.2.Techniques in relation with actuators and sensors such as piezoelectric or piezoceramic materials, electrostrictive ceramics... and their mechanical modellisation. (0.224)",11.9.Microscopical analyses (0.214),54.2.Vibroacoustics (0.329),"26.5.Food Production, Processing and Preservation (0.188)",1.6.Gels (0.159),,
Engenharia Mecânica – POSMEC,Vibrações e Acústica,Controle de ruído / protetores auditivos,"82.3.Security audits (of airlines, airports) (0.364)","61.3.Management system - level indicators, actuators, control system (0.322)",96.2.Use of business modelling methods and tools (e.g. yield/revenue management) (0.293),10.1.Management and Control (0.334),41.4.Execution and Control (0.297),44.4.Operational Assurance (0.286),,
Engenharia Mecânica – POSMEC,Vibrações e Acústica,Manutenção preditiva e detecção de defeitos em máquinas rotativas por vibrações,"113.3.Health and safety/occupational health aspects for ground crew (methods, facilities, evaluation) (0.222)",109.6.Anthropometric studies (0.213),"58.3.Restraints - airbags, seat belts, child restraints, analysis of operational effectiveness (0.200)",25.4.Decompression Sickness Mitigation (0.209),26.7.System Transformative Health and Performance Concepts (0.177),26.2.Prevention and Countermeasures (0.157),,
Engenharia Mecânica – POSMEC,Vibrações e Acústica,Acústica submarina,12.6.Cordierite (0.263),43.2.Sensors. airborne collision avoidance systems (ACAS) (0.234),40.3.ACAS Automation and Use: (0.232),54.2.Vibroacoustics (0.316),"26.5.Food Production, Processing and Preservation (0.257)",62.4.Aeroacoustics (0.244),,
Engenharia Mecânica – POSMEC,Vibrações e Acústica,Acústica estrutural,12.6.Cordierite (0.270),"17.9.Material properties: Homogeneous material, composites, viscoelastic media, multilayer, etc.; Acoustic material (0.229)","115.1.Identification of drivers of change (technological, demographic, cultural, political) (0.225)",54.2.Vibroacoustics (0.280),62.4.Aeroacoustics (0.265),"26.5.Food Production, Processing and Preservation (0.210)",,
Engenharia Mecânica – POSMEC,Metrologia e Instrumentação,Meios e métodos de medição,"109.4.Development of methods, tools and processes to support the integration of people with complex systems (0.239)",52.1.Application of prognostic health management to improve condition-based maintenance (0.192),"113.4.Health and safety/occupational health aspects for passengers (methods, facilities, evaluation) (0.165)",26.7.System Transformative Health and Performance Concepts (0.278),35.6.Extreme Environments Related to Critical System Health Management (0.209),17.6.Optimetrics (0.188),,
Engenharia Mecânica – POSMEC,Metrologia e Instrumentação,Gestão da medição,104.6.Lifetime Services (0.195),12.4.Glass and glass-ceramics (0.183),52.1.Application of prognostic health management to improve condition-based maintenance (0.179),26.7.System Transformative Health and Performance Concepts (0.256),26.1.Medical Diagnosis and Prognosis (0.193),17.6.Optimetrics (0.165),,
Engenharia Mecânica – POSMEC,Projeto de Sistemas Mecânicos,Desenvolvimento de Metodologias de Projeto de Produtos Industriais,104.1.Sustainable Industrialization; Sustainability of Materials (0.391),96.2.Use of business modelling methods and tools (e.g. yield/revenue management) (0.358),36.5.Development and production of software (0.343),53.1.Manufacturing Processes (0.452),"30.4.Resource Processing for Production of Manufacturing, Construction, and Energy Storage Feedstock Materials (0.393)",53.4.Sustainable Manufacturing (0.380),,
Engenharia Mecânica – POSMEC,Projeto de Sistemas Mecânicos,Desenvolvimento de sistemas computacionais de apoio ao projeto,"101.1.Validation methods, methodologies, procedures, metrics, tools. Includes studies of validation issues for new technologies and systems. (0.397)",72.1.Integration system technologies (0.390),"103.4.Integrated platforms for system development, safety analysis and certification (0.382)",44.5.Architecture and Design of Software Systems (0.411),45.2.Integrated Hardware and Software Modeling (0.393),2.1.Integrated Systems and Ancillary Technologies (0.393),,
Engenharia Mecânica – POSMEC,Projeto de Sistemas Mecânicos,Desenvolvimento de protótipos de máquinas e equipamentos,37.5.species transport and dispersion (0.233),104.12.Life Cycle Assessment and Environmental Impacts (0.231),"99.5.Laboratory equipment, calibration equipment (0.224)","26.5.Food Production, Processing and Preservation (0.264)","30.2.Resource Acquisition, Isolation, and Preparation (0.206)",30.3.Resource Processing for Production of Mission Consumables (0.168),,
Engenharia Mecânica – POSMEC,Projeto de Sistemas Mecânicos,Confiabilidade funcional e mantenabilidade de sistemas mecânicos,101.5.integration and validation of technologies (0.447),56.4.Integration and validation of technologies (0.441),"109.4.Development of methods, tools and processes to support the integration of people with complex systems (0.440)",3.1.Integrated Systems and Ancillary Technologies (0.422),1.1.Integrated Systems and Ancillary Technologies (0.417),2.1.Integrated Systems and Ancillary Technologies (0.403),,
Engenharia Mecânica – POSMEC,Projeto de Sistemas Mecânicos,Sistemas especialistas aplicados ao projeto,"109.4.Development of methods, tools and processes to support the integration of people with complex systems (0.288)",92.2.Development of OR methods (0.288),68.3.Mathematical Definition of performance objectives. (0.285),1.1.Integrated Systems and Ancillary Technologies (0.274),2.1.Integrated Systems and Ancillary Technologies (0.259),48.1.Tools and Methodologies for Defining Mission Architectures or Mission Design (0.259),,
Engenharia Mecânica – POSMEC,Projeto de Sistemas Mecânicos,Projeto de sistemas hidráulicos e pneumáticos,"21.2.Techniques in relation with actuators and sensors such as piezoelectric or piezoceramic materials, electrostrictive ceramics... and their mechanical modellisation. (0.384)","64.3.Flight control actuation - Servo hydraulic actuators (SHA), Electro-hydrostatic actuators (EHA), and non-conventional systems (0.330)","57.1.Components. LP air cylinders, pressure gauges and warning lights, pipework, valves and fittings, filters, seals (0.328)",8.5.Electrical Machines (0.296),"52.2.Electro-Mechanical, Mechanical, and Micromechanisms (0.288)",37.1.Aerodynamic Decelerators (0.283),,
Engenharia Mecânica – POSMEC,Projeto de Sistemas Mecânicos,Sistemas de CAE/CAD,76.1.Certification of new technologies and operations (0.315),"62.4.Braking system - materials (carbon, steel), anti-skid systems (integrated brake monitoring, anti-skid valves, brake management systems), automatic braking systems, temperature sensors and monitoring systems, accumulators, pressure transducers (0.314)",72.1.Integration system technologies (0.311),51.2.Design and Certification Methods (0.339),"44.7.Frameworks, Languages, Tools, and Standards (0.326)",49.2.Automated Exascale Software Development Toolset (0.323),,
Engenharia Mecânica – POSMEC,Projeto de Sistemas Mecânicos,Automação industrial,53.1.Autonomous logistics. anticipatory maintenance and repair (0.469),40.3.ACAS Automation and Use: (0.419),118.1.Factory of the Future (0.407),53.2.Intelligent Integrated Manufacturing (0.439),"58.4.Autonomous, Real-Time Command and Control (0.410)",53.1.Manufacturing Processes (0.396),,
Engenharia Mecânica – POSMEC,Projeto de Sistemas Mecânicos,Robótica,14.2.Robotics (0.600),107.9.Robotics (0.554),108.3.Aerial Robotics (0.480),16.3.Robot Software (0.595),16.2.Modeling and Simulation for Robots (0.443),11.1.Sensing for Robotic Systems (0.386),,
Engenharia Mecânica – POSMEC,Projeto de Sistemas Mecânicos,Projeto de mecanismos e máquinas,3.6.MEMS (0.202),"115.2.Elaboration of basic trends (societal, cultural) (0.199)","67.1.Mathematical modelling (3 DOF point mass model, equations of motion, environment, aerodynamics, engine and systems) (0.190)",4.1.Solar Sails (0.184),29.3.Habitability and Environment (0.165),24.4.Habitation Systems (0.160),,
Engenharia Mecânica – POSMEC,Projeto de Sistemas Mecânicos,Projeto de sistemas mecatrônicos,72.1.Integration system technologies (0.405),"109.4.Development of methods, tools and processes to support the integration of people with complex systems (0.383)",56.4.Integration and validation of technologies (0.362),1.1.Integrated Systems and Ancillary Technologies (0.462),2.1.Integrated Systems and Ancillary Technologies (0.452),3.1.Integrated Systems and Ancillary Technologies (0.450),,
Engenharia e Ciências Mecânicas – Pós-ECM,Desenvolvimento de Sistema de Engenharia,Gestão do Processo de Desenvolvimento de Produtos e Processos,11.7.Assembling processes (0.421),104.3.Processes and Resources (0.420),96.2.Use of business modelling methods and tools (e.g. yield/revenue management) (0.351),53.1.Manufacturing Processes (0.510),53.6.Repurpose Processes (0.353),"30.4.Resource Processing for Production of Manufacturing, Construction, and Energy Storage Feedstock Materials (0.348)",,
Engenharia e Ciências Mecânicas – Pós-ECM,Desenvolvimento de Sistema de Engenharia,Síntese e Análise de Sistemas Mecatrônicos,72.1.Integration system technologies (0.389),"109.4.Development of methods, tools and processes to support the integration of people with complex systems (0.386)",56.4.Integration and validation of technologies (0.382),1.1.Integrated Systems and Ancillary Technologies (0.461),2.1.Integrated Systems and Ancillary Technologies (0.449),3.1.Integrated Systems and Ancillary Technologies (0.448),,
Engenharia e Ciências Mecânicas – Pós-ECM,Fenômenos de Transporte,Métodos Experimentais em Ciências Térmicas,"102.1.Validation experiments, trials (0.332)",103.10.Advanced experimental testbeds (0.297),72.6.Laboratory systems testing (0.284),"51.4.Tests, Tools and Methods (0.291)",55.1.Natural and Induced Environment Characterization and Mitigation (0.288),"51.5.Innovative, Multifunctional Concepts (0.277)",,
Engenharia e Ciências Mecânicas – Pós-ECM,Fenômenos de Transporte,Métodos Numéricos em Ciências Térmicas,"115.2.Elaboration of basic trends (societal, cultural) (0.385)",97.2.Mathematical models (0.347),92.2.Development of OR methods (0.293),48.3.Tools and Methodologies for Vehicle or Concept Definition Activities (0.301),"44.7.Frameworks, Languages, Tools, and Standards (0.221)","51.5.Innovative, Multifunctional Concepts (0.217)",,
Engenharia e Ciências Mecânicas – Pós-ECM,Fenômenos de Transporte,Cinética Química de Combustão e Catálise,26.13.catalytic combustion (0.294),37.2.turbulent combustion (0.281),"24.3.combustion: efficiency, stability, ignition, extinction, instabilities, active control, gaseous emissions, soots (0.261)","26.5.Food Production, Processing and Preservation (0.287)",54.2.Vibroacoustics (0.276),62.4.Aeroacoustics (0.234),,
Engenharia e Ciências Mecânicas – Pós-ECM,Materiais,Caracterização e Comportamento dos Materiais e Estruturas,"19.1.Material properties: Homogeneous material, heterogeneous structure, Composite material, viscoelastic media, multilayer, etc., Acoustic material, porous material, Material optimisation. (0.417)","21.2.Techniques in relation with actuators and sensors such as piezoelectric or piezoceramic materials, electrostrictive ceramics... and their mechanical modellisation. (0.398)",104.2.Sustainability of Materials (0.381),"26.5.Food Production, Processing and Preservation (0.330)","30.4.Resource Processing for Production of Manufacturing, Construction, and Energy Storage Feedstock Materials (0.302)","30.2.Resource Acquisition, Isolation, and Preparation (0.285)",,
Engenharia e Ciências Mecânicas – Pós-ECM,Materiais,Desenvolvimento de Novos Materiais,11.9.Microscopical analyses (0.349),14.14.Resin transfer moulding: composite structures (0.235),"13.2.OMC: matrices (thermosetting resins, thermoplastic polymers, thermostables and elastomers); reinforcement by fibres (carbon, polyethylene, polyaramide, glass, plant fibres) and by particles (mineral, nanotubes). (0.219)","26.5.Food Production, Processing and Preservation (0.303)","30.2.Resource Acquisition, Isolation, and Preparation (0.210)",35.2.Atomic and Molecular Species Assessment (0.207),,
Engenharia de Sistemas Eletrônicos – PPGESE,Sistemas embarcados,Redes de comunicação de dados,101.2.Hierarchical methodologies (0.263),106.5.R&D Management and Co-ordination (0.257),89.6.Competence management (0.239),10.1.Management and Control (0.183),29.1.Human Factors Engineering (0.181),42.1.Joint Knowledge and Understanding (0.179),,
Engenharia de Sistemas Eletrônicos – PPGESE,Sistemas embarcados,Protocolos e segurança de sistemas embarcados,47.2.Integration of communications systems (0.432),105.4.Communications and Systems Technology (0.416),72.1.Integration system technologies (0.383),1.1.Integrated Systems and Ancillary Technologies (0.375),44.5.Architecture and Design of Software Systems (0.373),3.1.Integrated Systems and Ancillary Technologies (0.373),,
Engenharia de Sistemas Eletrônicos – PPGESE,Sistemas embarcados,Internet das Coisas,89.7.Web technology (0.351),"100.3.Ground systems information (library, airport database, aircraft database, live data distribution and recording from ATM system - radar, RDPS, FDPS, CFMU, network exchange messages...). (0.330)",47.2.Integration of communications systems (0.327),47.5.Cyber Infrastructure (0.304),19.4.Integrated Network Management (0.298),21.1.Cognitive Networking (0.292),,
Engenharia de Sistemas Eletrônicos – PPGESE,Sistemas embarcados,Sistemas operacionais e de tempo real,21.3.Automatics and real time systems for the study and for the realisation of controllers (0.383),85.3.Real-time systems (0.330),73.1.Performance base specifications to define the real use environments (0.325),48.1.Tools and Methodologies for Defining Mission Architectures or Mission Design (0.310),48.3.Tools and Methodologies for Vehicle or Concept Definition Activities (0.307),44.6.Real-Time Software (0.290),,
Engenharia de Sistemas Eletrônicos – PPGESE,Sistemas embarcados,Instrumentação,"22.6.Acoustic signal recording and processing: narrow band frequency analysis, third octave and octave bands, correlations, random noise, impulsive noise (0.372)",46.1.Cockpit voice recorder (CVR). recording technology (0.316),"87.2.Mission preparation, rehearsal & evaluation (0.310)",54.2.Vibroacoustics (0.326),56.7.Test Instruments and Sensors (0.324),62.4.Aeroacoustics (0.320),,
Engenharia de Sistemas Eletrônicos – PPGESE,Sistemas embarcados,Sensores a fibras óticas,107.5.Sensors (0.373),46.5.FDR. sensors (0.348),"50.6.Optics sensors. enhanced vision sensors, light intensifiers, solid state lasers, MOEMS (Micro electro- optical mechanical systems) (0.347)","27.1.Sensors: Air, Water, Microbial, and Acoustic (0.415)",35.4.Environment Sensors (0.388),71.3.Navigation Sensors (0.371),,
Engenharia de Sistemas Eletrônicos – PPGESE,Sistemas embarcados,Modelagem e testabilidade de software,"36.6.Validation of software, model characterisation (0.587)",101.4.system validation through modelling and simulation (0.528),96.1.Development of business modelling methods and tools (0.505),45.1.Software Modeling and Model Checking (0.600),46.3.Model-Based Systems Engineering (MBSE) (0.521),39.5.Modeling and Simulation for EDL (0.471),,
Engenharia de Sistemas Eletrônicos – PPGESE,Sistemas embarcados,Mineração de dados e sistemas inteligentes,34.1.Increase in the sophistication of on-board and ground-based engine monitoring and maintenance systems (0.316),90.8.Expert systems (0.305),"74.6.Data processing and analysis: Data archiving, Data reduction, Engineering units, Data retrieval , Flight Test Data Base, Telemetry, Ground monitoring (0.302)",48.2.Tools and Methodologies for Performing Systems Analysis (0.308),1.1.Integrated Systems and Ancillary Technologies (0.298),3.1.Integrated Systems and Ancillary Technologies (0.294),,
Engenharia de Sistemas Eletrônicos – PPGESE,Sistemas embarcados,Controle de sistemas embarcados,"61.3.Management system - level indicators, actuators, control system (0.373)",108.2.Control Architectures (0.355),"36.9.Complex applications, system analysis, control (0.335)",10.1.Management and Control (0.388),60.8.Measurement and Control (0.324),41.4.Execution and Control (0.291),,
Engenharia de Sistemas Eletrônicos – PPGESE,Sistemas embarcados,Análise e concepção de sistemas embarcados (hardware e software),73.1.Performance base specifications to define the real use environments (0.450),"103.4.Integrated platforms for system development, safety analysis and certification (0.441)",49.4.Operational characteristics of integrated avionics systems (0.438),45.2.Integrated Hardware and Software Modeling (0.517),44.8.Software Analysis and Design Tools (0.491),48.2.Tools and Methodologies for Performing Systems Analysis (0.460),,
Engenharia de Sistemas Eletrônicos – PPGESE,Sistemas Eletrônicos de Potência,Conversores estáticos de média e alta potência,"115.2.Elaboration of basic trends (societal, cultural) (0.334)","109.2.Displays - Colour, 3D display, Virtual reality, Information presentation (0.305)",109.5.Vision modelling and auditory communication studies (0.301),42.1.Joint Knowledge and Understanding (0.254),"11.4.Object, Event, and Activity Recognition (0.222)",10.2.Distribution and Transmission (0.212),,
Engenharia de Sistemas Eletrônicos – PPGESE,Sistemas Eletrônicos de Potência,Processamento de energia elétrica,13.4.Elaboration processes. (0.316),"115.2.Elaboration of basic trends (societal, cultural) (0.290)",104.3.Processes and Resources (0.273),53.1.Manufacturing Processes (0.262),48.2.Tools and Methodologies for Performing Systems Analysis (0.239),"26.5.Food Production, Processing and Preservation (0.236)",,
Engenharia de Sistemas Eletrônicos – PPGESE,Sistemas Eletrônicos de Potência,Energias renováveis e sustentáveis,118.10.Resilient (0.213),33.3.the aerodynamic forces on the mechanical system maintaining the engine (0.202),81.4.Maturity (0.199),29.3.Habitability and Environment (0.248),"26.5.Food Production, Processing and Preservation (0.221)",42.3.Goal and Task Negotiation (0.219),,
Engenharia de Sistemas Eletrônicos – PPGESE,Sistemas Eletrônicos de Potência,Acionamentos elétricos para sistemas veiculares,"21.2.Techniques in relation with actuators and sensors such as piezoelectric or piezoceramic materials, electrostrictive ceramics... and their mechanical modellisation. (0.414)",56.5.Elecromechanical actuation (EMA) - Flight control systems (0.363),"61.3.Management system - level indicators, actuators, control system (0.323)",6.2.Aircraft Avionics Systems (0.304),26.7.System Transformative Health and Performance Concepts (0.266),60.8.Measurement and Control (0.257),,
Engenharia de Sistemas Eletrônicos – PPGESE,Sistemas Eletrônicos de Potência,Geração distribuída e soluções para aplicações industriais,104.1.Sustainable Industrialization; Sustainability of Materials (0.404),96.2.Use of business modelling methods and tools (e.g. yield/revenue management) (0.376),104.2.Sustainability of Materials (0.357),53.1.Manufacturing Processes (0.372),"30.4.Resource Processing for Production of Manufacturing, Construction, and Energy Storage Feedstock Materials (0.360)",53.4.Sustainable Manufacturing (0.358),,
Engenharia de Sistemas Eletrônicos – PPGESE,Sistemas Eletrônicos de Potência,"Controle de sistemas veiculares (automotivos, aeroespaciais, navais, etc.)","61.3.Management system - level indicators, actuators, control system (0.381)",21.3.Automatics and real time systems for the study and for the realisation of controllers (0.376),"36.9.Complex applications, system analysis, control (0.364)",10.1.Management and Control (0.317),72.1.Onboard Maneuvering/Pointing/Stabilization/Flight Control Algorithms (0.317),55.1.Natural and Induced Environment Characterization and Mitigation (0.308),,
Engenharia de Sistemas Eletrônicos – PPGESE,Sistemas Eletrônicos de Potência,Automação industrial,53.1.Autonomous logistics. anticipatory maintenance and repair (0.469),40.3.ACAS Automation and Use: (0.419),118.1.Factory of the Future (0.407),53.2.Intelligent Integrated Manufacturing (0.439),"58.4.Autonomous, Real-Time Command and Control (0.410)",53.1.Manufacturing Processes (0.396),,
Engenharia de Sistemas Eletrônicos – PPGESE,Sistemas Eletrônicos de Potência,Compatibilidade eletromagnética,14.19.Conformal antennas (0.310),"21.2.Techniques in relation with actuators and sensors such as piezoelectric or piezoceramic materials, electrostrictive ceramics... and their mechanical modellisation. (0.296)",12.12.Piezoelectric (0.293),2.3.Electromagnetic (0.350),7.4.Electromagnetic Environment Effects (0.306),34.2.Structures and Antennas (0.270),,
Ciência e Engenharia de Materiais – PGMAT,Cerâmicas,Biocerâmicas,11.9.Microscopical analyses (0.278),27.9.Ingestion (0.231),"13.1.CMC: matrices (carbide and nitride of silicon, glass-ceramics, carbon); fibres (silicon carbide, carbon, oxide) and fillers (silicon carbide). (0.192)","26.5.Food Production, Processing and Preservation (0.275)",26.1.Medical Diagnosis and Prognosis (0.215),"27.1.Sensors: Air, Water, Microbial, and Acoustic (0.176)",,
Ciência e Engenharia de Materiais – PGMAT,Cerâmicas,Cerâmica Avançada,12.4.Glass and glass-ceramics (0.433),12.2.Organometallic precursors of ceramics (alkoxides and organosilicon polymers) (0.358),12.6.Cordierite (0.319),"26.5.Food Production, Processing and Preservation (0.255)",50.7.Special Materials (0.237),54.2.Vibroacoustics (0.220),,
Ciência e Engenharia de Materiais – PGMAT,Cerâmicas,Cerâmicas celulares,12.4.Glass and glass-ceramics (0.430),12.2.Organometallic precursors of ceramics (alkoxides and organosilicon polymers) (0.400),"13.1.CMC: matrices (carbide and nitride of silicon, glass-ceramics, carbon); fibres (silicon carbide, carbon, oxide) and fillers (silicon carbide). (0.389)",50.7.Special Materials (0.312),1.6.Gels (0.288),1.4.Solids (0.283),,
Ciência e Engenharia de Materiais – PGMAT,Cerâmicas,Cerâmica Tradicional,12.4.Glass and glass-ceramics (0.508),12.2.Organometallic precursors of ceramics (alkoxides and organosilicon polymers) (0.410),"21.2.Techniques in relation with actuators and sensors such as piezoelectric or piezoceramic materials, electrostrictive ceramics... and their mechanical modellisation. (0.382)",50.7.Special Materials (0.293),1.4.Solids (0.275),61.1.Thermal Protection Materials (0.260),,
Ciência e Engenharia de Materiais – PGMAT,Cerâmicas,Vitrocerâmicos,12.2.Organometallic precursors of ceramics (alkoxides and organosilicon polymers) (0.237),11.9.Microscopical analyses (0.236),19.4.Experimental Identification. (0.229),54.2.Vibroacoustics (0.229),"26.5.Food Production, Processing and Preservation (0.189)",28.2.Radiation Mitigation and Biological Countermeasures (0.166),,
Ciência e Engenharia de Materiais – PGMAT,Metais,Materiais Magnéticos,17.12.Experimental Identification (0.288),12.5.Silica (0.286),18.1.Constitutive laws (metallic and composite materials) (0.278),50.8.Smart Materials (0.327),2.3.Electromagnetic (0.319),8.5.Electrical Machines (0.286),,
Ciência e Engenharia de Materiais – PGMAT,Metais,Metalurgia do Pó e Materiais Sinterizados,18.1.Constitutive laws (metallic and composite materials) (0.395),14.6.High speed machining: metal parts (0.374),"19.1.Material properties: Homogeneous material, heterogeneous structure, Composite material, viscoelastic media, multilayer, etc., Acoustic material, porous material, Material optimisation. (0.370)","104.1.Sustainable Industrialization; Sustainability of Materials (0.361)","30.4.Resource Processing for Production of Manufacturing, Construction, and Energy Storage Feedstock Materials (0.347)","26.5.Food Production, Processing and Preservation (0.312)","50.6.Materials for Electrical Power Generation, Energy Storage, Power Distribution, and Electrical Machines (0.293)",
Ciência e Engenharia de Materiais – PGMAT,Metais,Metalurgia Física e Mecânica,18.1.Constitutive laws (metallic and composite materials) (0.274),"13.3.MMC: matrices (conventional titanium alloys, titanium aluminides, nickel-based superalloys, aluminium and magnesium alloys); fibres (silicon carbide, alumina, carbon) and particles (carbides). (0.263)",14.6.High speed machining: metal parts (0.259),"26.5.Food Production, Processing and Preservation (0.239)",53.1.Manufacturing Processes (0.198),50.7.Special Materials (0.174),,
Ciência e Engenharia de Materiais – PGMAT,Metais,Microelectrônica,50.7.Nano technologies (0.467),117.8.Nanotechnology (0.400),"13.1.CMC: matrices (carbide and nitride of silicon, glass-ceramics, carbon); fibres (silicon carbide, carbon, oxide) and fillers (silicon carbide). (0.393)",50.8.Smart Materials (0.415),33.3.Optical Components (0.413),33.2.Electronics (0.412),,
Ciência e Engenharia de Materiais – PGMAT,Metais,Tecnologia de Plasma Aplicado e Plasma a Materiais Sinterizados,35.1.Measurements of temperatures and concentrations (0.278),"8.2.Temperature and heat flux: Infrared Thermography, thermocouples, hot wire, hot film. (0.256)",37.3.atmosphere physico-chemistry (0.251),"26.5.Food Production, Processing and Preservation (0.192)",54.2.Vibroacoustics (0.172),33.6.Cryogenic/Thermal (0.169),,
Ciência e Engenharia de Materiais – PGMAT,Metais,Tribologia,"109.2.Displays - Colour, 3D display, Virtual reality, Information presentation (0.225)",3.11.Bump riblet (0.202),12.6.Cordierite (0.187),54.2.Vibroacoustics (0.216),25.4.Decompression Sickness Mitigation (0.202),62.3.Aeroelasticity (0.198),,
Ciência e Engenharia de Materiais – PGMAT,Polímeros,Blendas Poliméricas,12.6.Cordierite (0.361),104.2.Sustainability of Materials (0.332),14.16.Thermo-plastics: composite structures (0.331),50.7.Special Materials (0.296),54.2.Vibroacoustics (0.279),62.4.Aeroacoustics (0.277),,
Ciência e Engenharia de Materiais – PGMAT,Polímeros,Membranas Poliméricas,3.6.MEMS (0.282),"115.1.Identification of drivers of change (technological, demographic, cultural, political) (0.276)",12.6.Cordierite (0.261),4.1.Solar Sails (0.189),29.3.Habitability and Environment (0.176),8.2.Heat Sources (0.168),,
Ciência e Engenharia de Materiais – PGMAT,Polímeros,Compósitos Poliméricos Condutores,14.16.Thermo-plastics: composite structures (0.352),14.3.Composite components (0.325),12.6.Cordierite (0.321),8.1.Photovoltaic (0.321),55.1.Natural and Induced Environment Characterization and Mitigation (0.267),2.4.Electrothermal (0.266),,
Ciência e Engenharia de Materiais – PGMAT,Polímeros,Processo de Manufatura Aditiva,104.3.Processes and Resources (0.352),104.2.Sustainability of Materials (0.321),104.1.Sustainable Industrialization; Sustainability of Materials (0.315),53.1.Manufacturing Processes (0.379),29.1.Human Factors Engineering (0.315),"30.4.Resource Processing for Production of Manufacturing, Construction, and Energy Storage Feedstock Materials (0.308)",,
Ciência e Engenharia de Materiais – PGMAT,Polímeros,Síntese e Caracterização de Polímeros,104.2.Sustainability of Materials (0.319),12.6.Cordierite (0.308),"115.1.Identification of drivers of change (technological, demographic, cultural, political) (0.294)",29.3.Habitability and Environment (0.220),55.1.Natural and Induced Environment Characterization and Mitigation (0.218),"30.2.Resource Acquisition, Isolation, and Preparation (0.216)",,
Energia e Sustentabilidade - PPGES,Sistemas de Energia,"Conversão, Transporte e Uso de Energia","95.3.Modelling and analysis of passenger handling processes and procedures (e.g. checking-in, immigration, boarding etc) (0.327)","113.4.Health and safety/occupational health aspects for passengers (methods, facilities, evaluation) (0.315)",94.3.Modelling and analysis of passenger handling (0.305),30.1.Destination Reconnaissance and Resource Assessment (0.258),31.1.Logistics Management (0.249),3.6.Ramjet/Scramjet (0.246),,
Energia e Sustentabilidade - PPGES,Sistemas de Computação e Controle para Energia,Sistemas de Computação e Controle para Energia,21.3.Automatics and real time systems for the study and for the realisation of controllers (0.487),108.2.Control Architectures (0.442),"61.3.Management system - level indicators, actuators, control system (0.437)",10.1.Management and Control (0.419),48.2.Tools and Methodologies for Performing Systems Analysis (0.392),"58.4.Autonomous, Real-Time Command and Control (0.370)",,
Energia e Sustentabilidade - PPGES,"Planejamento Energético, Ambiente e Sociedade","Recursos Energéticos, Ambiente e Materiais Funcionais",21.10.New concepts of passive or adaptive materials (0.366),"31.1.Increasing power per kilogram, decreasing fuel consumption, reducing costs through various ways (0.354)",104.2.Sustainability of Materials (0.354),55.1.Natural and Induced Environment Characterization and Mitigation (0.384),8.4.Dynamic Energy Conversion (0.380),50.4.Materials for Extreme Environments (0.379),,

